Date	Link	Text	Title
2022-10-08 04:53:00	https://lenta.ru/news/2022/10/08/saud/	Глава МИД Саудовской Аравии Адель аль-Джубейр в интервью Fox News ответил на претензии США из-за сокращения добычи нефти.Он подчеркнул, что высокие цены на бензин в США — не вина Саудовской Аравии, а следствие нехватки нефтеперерабатывающих заводов (НПЗ) в самих Штатах. «У вас дефицит переработки, вы не строили нефтеперерабатывающие заводы десятилетиями», — заявил министр.При этом аль-Джубейр заверил, что Саудовская Аравия не ставила целью навредить США, а идея об этом «целиком и полностью неверна».Ранее президент США Джо Байден обвинил Россию и Саудовскую Аравию в росте цен на бензин в стране после того, как ОПЕК+ решила резко сократить добычу нефти с ноября текущего года, об этом стало известно 5 октября. Страны должны будут уменьшить производство на два миллиона баррелей в сутки.Крах однополярного мира	В Саудовской Аравии ответили на претензии США из-за сокращения добычи нефти
2022-10-08 00:37:51	https://lenta.ru/news/2022/10/08/mvf/	Исполнительный совет Международного валютного фонда (МВФ) в пятницу, 7 октября, одобрил предоставление Украине 1,3 миллиарда долларов в рамках инструмента МВФ для ускоренного финансирования. Об этом говорится в заявлении на сайте организации.Согласно документу, средства выделяются на «удовлетворение всех потребностей, связанных с финансированием платежного баланса» страны, в частности в продовольственной сфере. В МВФ считают, что эти деньги также «сыграют стимулирующую роль для дальнейшей финансовой поддержки со стороны кредиторов и доноров Украины».В фонде прогнозируют, что ВВП Украины сократится на 35 процентов в 2022 году.Глава МВФ Кристалина Георгиева в своем Twitter-аккаунте подтвердила выделение Украине 1,3 миллиарда долларов.В сентябре премьер-министр Украины Денис Шмыгаль сообщил, что Украина смогла договориться с Международным валютным фондом и в этом году получит 2,8 миллиарда долларов. Он также отметил, что еще 500 миллионов долларов на покупку газа на зимний период Украина получит от Великобритании.	МВФ выделил 1,3 миллиарда долларов Украине
2022-10-07 21:31:00	https://lenta.ru/news/2022/10/07/sakhalin/	Президент России Владимир Путин подписал указ о создании нового оператора проекта «Сахалин-1». Документ опубликован на официальном интернет-портале правовой информации.Указом правительству поручено создать нового оператора проекта «Сахалин-1», который получит права и обязанности участников проекта и оператора Exxon Neftegas. Новое ООО получит все имущество консорциума в рамках соглашения о разделе продукции по «Сахалину-1».Новым управляющим оператором «Сахалина-1» станет «дочка» «Роснефти» «Сахалинморнефтегаз-Шельф», она получит в новом операторе 11,5 процента, еще 8,5 процента перейдут к другой дочке «Роснефти» — «РИ-Астра». Остальные 80 процентов пока будут переданы новому оператору, до тех пор, пока они не будут переданы остальным участникам.Материалы по теме:Россия хочет отказаться от доллара и называет его токсичным.Стоит ли держать в нем свои сбережения?9 сентября 2022Беспрецедентные разрушения на «Северном потоке»:что известно о диверсии на главном газопроводе из России в Европу?27 сентября 2022«Действительно большая дыра»Газопровод «Северный поток» пострадал от мощных взрывов. Сможет ли Европа пережить зиму?27 сентября 2022Иностранные участники «Сахалина-1» должны в течение месяца представить правительству уведомления о согласии или отказе от перерегистрации доли в проекте на нового оператора.Ранее губернатор Сахалинской области Валерий Лимаренко заявил об остановке добычи нефти на проекте «Сахалин-1». Он отметил, что за семь месяцев текущего года объем добычи нефти и конденсата уменьшился почти вдвое по сравнению с аналогичным периодом прошлого года. Глава региона напомнил, что в апреле компания Exxon Neftegas Limited «уведомила о снижении объемов добычи со ссылкой на обстоятельства форс-мажора».В Минэнерго России заявили, что рассчитывают на скорейшее возобновление добычи нефти и газа на проекте «Сахалин-1» и имеет варианты по его запуску, риска консервации скважин на проекте в связи с его остановкой нет.В конце августа американская нефтяная компания ExxonMobil пригрозила властям России судебным иском в случае, если ей не позволят продать долю в совместном проекте «Сахалин-1» и окончательно выйти из него.ExxonMobil принадлежит 30 процентов в «Сахалине-1». Остальной капитал распределен между «Роснефтью» (20 процентов), индийской ONGC (20 процентов) и японским SODECO (30 процентов).	Путин подписал указ о создании нового оператора проекта «Сахалин-1»
2022-10-07 19:11:00	https://lenta.ru/news/2022/10/07/semi_ch/	Администрация президента США объявила о новых ограничениях, касающихся продажи полупроводников Китаю, сообщает The New York Times. В Вашингтоне считают, что таким образом найден способ ударить по доступу Пекина к ключевым технологиям, необходимым в самых различных секторах.Шаг можно считать самым заметным сигналом того, что противостояние между державами все больше разыгрывается в сфере технологий, а США намерены давить на оппонента именно в этой области. Меры Министерства торговли, помимо прочего, должны сказаться и на прогрессе военных программ Китая. Предполагается, что поставки чипов и оборудования для их производства будут возможны только по особой лицензии.По уточнению Reuters, теперь китайские компании Megvii Technology, Dahua Technology и IFLYTEK лишатся доступа к полупроводникам, произведенным в любой стране мира с использованием американских технологий. По данным РИА Новости, Бюро промышленности и безопасности Минторга также вводит ограничения на поставки 28 китайским компаниям продукции для выпуска суперкомпьютеров и полупроводников.О планах ввести ограничения в отношении сферы полупроводников ранее в октябре сообщало Bloomberg. Предполагалось, что . санкции против отрасли могут затронуть технологии, связанные с производством высокотехнологичных чипов памяти, квантовые компьютеры и передовые компоненты, необходимые для создания микросхем.	США нашли способ ударить по доступу Китая к ключевым технологиям
2022-10-07 17:00:00	https://lenta.ru/news/2022/10/07/ecbbanki/	Европейский центробанк (ЕЦБ) ужесточает требования к банкам и призвал некоторые кредитные организации к экономии. В частности, регулятор  посоветовал сдержанно подойти к выплате бонусов и дивидендов за 2022 год из опасений, что экономическая ситуация в Европе может ухудшиться. Об этом стало известно Bloomberg.Говоря об опасениях ЕЦБ, собеседники агентства, уточнили, что регулятор не исключает волны дефолтов из-за энергетического кризиса, а на их покрытие потребуются деньги. В качестве возможного сценария ЕЦБ сейчас рассматривает более резкое замедление экономики, чем ожидалось.По итогам сентября годовая инфляция в 19 странах еврозоны впервые в истории существования этого валютного объединения достигла рекордных 10 процентов. В прошлом году в сентябре инфляция составляла 3,4 процента в годовом выражении. В этом году в месячном выражении цены за сентябрь выросли на 1,2 процента.Опрошенные Bloomberg аналитики предсказывали, что страны еврозоны с вероятностью 80 процентов столкнутся с рецессией в первые два квартала 2023 года. Для борьбы с инфляцией, которая, вероятно, достигнет максимума к концу года, ЕЦБ повысит депозитную ставку на 75 базисных пунктов до пика в 2 процента уже к февралю, предсказывают экономисты.	От европейских банков потребовали экономии
2022-10-07 15:55:00	https://lenta.ru/news/2022/10/07/natzval/	Страны, которые входят в СНГ, переходят на расчеты в национальных валютах давно, и это не привязано к политической конъюнктуре. Об этом заявил президент России Владимир Путин, его слова приводит ТАСС.По его мнению, новая схема расчетов позволит укрепить суверенитет стран и углубить интеграцию. «Это будет способствовать укреплению финансового суверенитета наших государств, развитию внутренних рынков капитала, углублению региональной экономической интеграции», — объяснил он.Путин также высказался о ситуации на Украине, назвав происходящие там события трагическими. Он добавил, что конфликты происходят и между другими странами СНГ. По его словам, это требует выработки мер по их разрешению.Такие заявления были сделаны на неформальной встрече глав стран СНГ, которая проходит 7 октября.	Путин объяснил переход стран СНГ на расчеты в нацвалютах
2022-10-07 15:22:40	https://lenta.ru/news/2022/10/07/genius/	Президент Белоруссии Александр Лукашенко подписал директиву о недопустимости роста цен в стране. В том числе она запрещает отменять различные скидки и акции, если в результате стоимость товара вырастет. Об этом со ссылкой на пресс-службу главы государства пишет РИА Новости.Документ, как подчеркнули в аппарате президента, принят для незамедлительного и жесткого реагирования на ситуацию на потребительском рынке. Речь идет о создании эффективной системы ценового контроля и обеспеченности внутреннего спроса.Одновременно с запретом повышать цены введены обязательства по безусловному насыщению рынка товарами и услугами. За неисполнение установленных директив виновным, в первую очередь директорам предприятий и бизнесменам, грозит ответственность вплоть до уголовной.Контролировать наличие товаров и цены на них поручено Генеральной прокуратуре и Комитету госконтроля. До 20 октября правительство должно утвердить и ввести в действие систему регулирования цен, а также разработать систему их отслеживания.Материалы по теме:Трактор заглохЭкономические успехи Лукашенко оказались блефом. Как белорусы разочаровались в нем?9 сентября 2020Белорусская экономика оказалась на грани катастрофы. Почему Россия вынуждена спасать ее?2 июня 20216 октября Лукашенко назвал недопустимым текущий уровень инфляции, превышающий 15 процентов (при целевом уровне 6 процентов), и обвинил в происходящем спекулянтов, сознательно завышающих цены. При этом он признал, что ограничение еще недавно выглядело абсолютно нереальным и нерыночным, но теперь в стране под контроль можно взять «абсолютно любой процесс, если есть желание».	Лукашенко запретил отменять скидки по акции
2022-10-07 13:48:00	https://lenta.ru/news/2022/10/07/dadut/	Россия и Белоруссия достигли окончательной договоренности о выделении 1,5 миллиарда долларов на проекты в области импортозамещения. Из этой суммы 330 миллионов долларов ожидаются уже до конца 2022 года. Такие перспективы, выступая перед представителями силового блока по вопросам военно-политической и социально-экономической обстановки, раскрыл премьер Белоруссии Роман Головченко, передает ТАСС.По его словам, на эти деньги запустят семь проектов, в основном в сфере машиностроения. Они необходимы для локализации иностранных компонентов к технике различных классов.Головченко заявил, что перед страной стоит задача обеспечения «технологического суверенитета и независимости». По его мнению, страны Запада, отказавшиеся продолжать поставки своих технологий в Россию и Белоруссию, хотят нанести ущерб благосостоянию людей, вызвать недовольство и социальную напряженность в обществе.Белорусский премьер признал, что страна оказалась не полностью готова к такому давлению, но попыткам разрушить страну власти противопоставили «системную работу в мобилизационном режиме».В рамках демонстрации успехов белорусского импортозамещения президент страны Александр Лукашенко 1 сентября продемонстрировал первый созданный в стране ноутбук. При этом он уточнил, что белорусские предприятия выпускают только 12 процентов комплектующих устройства.До этого Лукашенко возмутился, что в мотоцикле Минск, который ему представили как успех отечественных разработок, все детали, включая фары, щитки и шины, оказались иностранного производства.	В Белоруссии раскрыли сумму ожидаемых от России до конца года средств
2022-10-07 13:28:50	https://lenta.ru/news/2022/10/07/borrell/	В ЕС нашли объяснение решению ОПЕК+ снизить добычу нефти — глава европейской дипломатии Жозеп Боррель заявил, что оно связано с намерением Запада установить потолок цен на топливо из России. Его слова цитирует РИА Новости.«Решение ОПЕК снизить поставки нефти является явным ответом на наше предложение ограничить цены на нефть», — сказал Боррель перед началом неформального европейского саммита в Праге. По его словам, сегодня энергетика стала «главным геостратегическим вопросом, связанным с войной и балансом сил в мире».С ноября члены организации договорились снизить добычу нефти на 2 миллиона баррелей в сутки от согласованных на август уровней производства. Как объяснили в ОПЕК+, мера направлена на сдерживание падения цен на мировом рынке на фоне опасений инвесторов относительно дальнейшего сокращения спроса. Материалы по теме:«Действительно большая дыра»Газопровод «Северный поток» пострадал от мощных взрывов. Сможет ли Европа пережить зиму?27 сентября 2022На «Северном потоке» обнаружили беспрецедентные разрушения27 сентября 2022В Белом доме назвали решение необоснованным и ненужным, а также пророссийским. Кроме того, США уже приготовили ответную меру — поставить на рынок дополнительные объемы из своих стратегических запасов.По мнению аналитиков, теперь цены на нефть скорректируются и закрепятся в диапазоне 90-105 за баррель. Тем не менее, для России снижение экспорта нефти обернется дополнительным падением нефтегазовых доходов, которые и без того находятся на многомесячном минимуме и делают бюджет дефицитным.	В ЕС нашли объяснение решению ОПЕК+ снизить добычу нефти
2022-10-07 12:37:00	https://lenta.ru/news/2022/10/07/garantii_putin/	Российский президент Владимир Путин подписал закон, который включает поправки о трудовых гарантиях мобилизованных на военную службу граждан. Текст федерального закона появился на официальном портале правовой информации.Согласно документу, договор работника, проходящего службу по мобилизации, не расторгается, а приостанавливается. У работодателя есть право расторжения договора, только если работник не возобновил трудовую деятельность в течение трех месяцев после демобилизации. При этом стаж мобилизованного, а также стаж по специальности, как отмечается, продолжат засчитываться даже после приостановки с ним договора. Кроме того, в законе сказано, что работодатель до дня приостановления договора обязан выплатить мобилизованному работнику оставшуюся заработную плату в полном объеме.Помимо этого, как сообщается, действие договора возобновляется в день выхода мобилизованного на свою прежнюю должность. О том, что демобилизованный возвращается на работу, необходимо сообщить работодателю за три рабочих дня. В течение шести месяцев после возобновления договора мобилизованный имеет право подготовиться к ежегодному оплачиваемому отпуску и тем самым сделать перерыв на отдых.В конце сентября парламентарии внесли поправки в ТК РФ о сохранении рабочих мест за мобилизованными, которые после демобилизации будут готовы вернуться в компанию на тот же пост. Помимо этого, родственники мобилизованных будут иметь право сохранения работы при сокращении численности штата в организации.24 февраля было объявлено о начале специальной операции в Донбассе. Таким образом Россия отреагировала на просьбы о военной помощи глав ДНР и ЛНР. 21 сентября была объявлена частичная мобилизация в России. В Минобороны отметили, что всего собираются призвать в ряды ВС РФ 300 тысяч резервистов.	Путин подписал закон о трудовых правах мобилизованных
2022-10-07 12:18:00	https://lenta.ru/news/2022/10/07/embargo/	Российское Минэнерго зафиксировало снижение производства угля за январь-август менее чем на один процент, а также снижение поставок за рубеж, однако конкретные цифры по экспорту в ведомстве не назвали. Такие сведения приводит ТАСС со ссылкой на замглавы министерства Сергея Мочальникова.Говоря о снижении показателей, замминистра напомнил, что с 10 августа действует эмбарго ЕС на поставки угля из России. Тем не менее, отметил Мочальников, спад экспорта в значительной степени компенсирован повышенным спросом на внутреннем рынке — с начала года он вырос более чем на 7 миллионов тонн. Но развитие отрасли по-прежнему связано с поиском новых логистических цепочек для переориентации экспортных потоков, заключил он.Материалы по теме:Силы небесные.Почему опытные бизнесмены и инвесторы отдают астрологам миллионы долларов?25 сентября 2022Не рассчитали.Тысячи россиян решили временно жить за границей. С какими трудностями они столкнулись?23 сентября 2022Тем не менее за счет угледобытчиков Минфин надеется собрать в бюджет дополнительные 30 миллиардов рублей. В сентябре стало известно, что ведомство решило ослабить фискальную нагрузку на черную металлургию, но увеличить ее для угольной отрасли — кроме введения экспортных пошлин, власти повысят налог на добычу полезных ископаемых (НДПИ) на уголь. Минфин подготовил соответствующие поправки в Налоговый кодекс.	Добыча угля в России снизилась на 1 процент
2022-10-07 12:03:53	https://lenta.ru/news/2022/10/07/kreditniekanikyli/	С 7 октября Сбербанк начал оформлять кредитные каникулы для мобилизованных и участников спецоперации. Об этом сообщается в пресс-релизе, поступившем в редакцию «Ленты.ру».Так, военнослужащие могут получить отсрочку по ипотечным и потребительским кредитам на весь срок службы, а также на 30 дней после ее окончания. Срок кредита будет увеличен на срок не менее льготного периода. Во время действия каникул будут продолжать начисляться проценты на условиях, установленных законом. В течение льготного периода можно будет платить по кредиту в счет его досрочного погашения.«Забота о клиентах — основной приоритет Сбербанка. И чтобы оперативно поддержать наших заемщиков-военнослужащих в этот важный период для всей страны, мы начали принимать предварительные заявки на новую госпрограмму кредитных каникул еще с 30 сентября», — заявил первый заместитель председателя правления Сбербанка Александр Ведяхин.Воспользоваться кредитными каникулами могут мобилизованные; военнослужащие, проходящие службу в Вооруженных силах по контракту; сотрудники Нацгвардии, силовых ведомств, пограничники, задействованные в спецоперации; добровольцы, заключившие контракт; члены семей перечисленных категорий.7 октября президент России Владимир Путин подписал закон, предоставляющий мобилизованным и членам их семей право на кредитные каникулы. Документ опубликован на официальном портале правовой информации.	Сбербанк начал оформлять кредитные каникулы для мобилизованных
2022-10-06 22:49:00	https://lenta.ru/news/2022/10/06/europe/	Обозреватель Зоран Метер предрек катастрофические последствия европейской экономике на фоне небывалого энергетического кризиса. Такой прогноз он дал в своей статье для Geopolitika.news.По его словам, предсказать окончание тяжелейшего кризиса в странах Евросоюза (ЕС) пока невозможно, а самые сложные времена еще впереди. Как именно происходящее отразится на будущем экономики, социальной сферы и безопасности остается неизвестным. Метер отметил, что разум у европейских политиков иссяк. Лидеры ЕС продолжают убеждать, что найдут замену российскому топливу, но альтернатива энергоносителям из России потребует больших затрат, подчеркнул обозреватель.Он заявил, что Европа планомерно шла к сложившемуся положению. Организация по собственной инициативе перешла от долгосрочных газовых договоров к спотовым поставкам, а ситуация на Украине только ухудшила ситуацию, указал Метер. Он также осудил европейских политиков за уверения, что ЕС переживет грядущую зиму без российского газа, если придерживаться экономии.Материалы по теме:Дело в трубе.Россия требует от Запада платить за газ в рублях. Что будет, если Европа откажется?5 апреля 2022Поднажмут за газ.Европа хочет отказаться от российского газа. Почему это практически невозможно?15 марта 2022Обозреватель охарактеризовал следование ЕС антироссийской политике и угрозы ввести новые санкции как самоубийственный инстинкт. Он предостерег о последствиях установки потолка цен на российские энергоносители, которая приведет к прекращению поставок в Европу. Метер напомнил, что ситуация уже оставляет желать лучшего, в частности, на фоне случившегося на газопроводах «Северный поток» и «Северный поток-2».Под угрозой оказался и транзит через Украину, заявил он. Италия также столкнулась с серьезными трудностями, поскольку невзирая на контракт с Алжиром, ей так и не удалось полностью заместить выпадающий объем импорта из России, а полагаться на альтернативные источники энергии нельзя.Ранее стало известно о намерении ЕС ввести новые ограничения на перевозку российской нефти. При новых санкциях европейским судам запретят перевозить топливо из России, если его цена превысит определенный порог.	Европейской экономике предрекли катастрофические последствия из-за энергокризиса
2022-10-06 19:59:00	https://lenta.ru/news/2022/10/06/zapretobsluj/	ЕС запретит обслуживать суда третьих стран, которые перевозят российскую нефть, если ее цена оказывается выше установленного потолка. Об этом говорится в «Официальном журнале ЕС».В документе прописано, что таким судам будет запрещено оказывать техническое обслуживание, брокерские услуги, финансирование и финансовую помощь, включая страхование в будущих перевозках.    Brent от TradingView     Ранее Евросоюз утвердил восьмой пакет санкций против России. Среди новых мер — введение потолка цен на российскую нефть, персональные ограничения против физических лиц, запрет на импорт ряда товаров. В Россию также нельзя будет поставлять электронные компоненты, используемые при создании оружия и авиации. Помимо этого, вводится запрет на оказание российским компаниям финансовых, юридических и IT-услуг, а также на предоставление криптокошельков.В Кремле, говоря о введении потолка нефтяных цен, указали, что это может навредить всему миру. Как сказал пресс-секретарь президента Дмитрий Песков, подобные ограничительные решения могут «внести очень деструктивное влияние в будущие горизонты энергетических рынков».	ЕС запретит обслуживать суда с подсанкционной российской нефтью
2022-10-06 17:56:00	https://lenta.ru/news/2022/10/06/fondrinok/	Британский фондовый рынок потерял 300 миллиардов фунтов стерлингов (340 миллиардов долларов) за первый месяц премьерства Лиз Трасс, пишет Bloomberg. Издание оценивало динамику стоимости ценных бумаг страны со 2 сентября — последнего дня торгов перед избранием Трасс — по 6 октября.Аналитики винят в столь резком падении новое правительство, запланировавшее масштабную налоговую реформу. В сентябре инвесторы начали опасаться, что снижение налогов приведет к росту суверенного долга страны, и начали активно избавляться от британских активов. Распродажа на фондовом рынке привела к рекордному падению фунта по отношению к доллару.16 сентября британская валюта упала до минимальной отметки в 1,135 доллара впервые с марта 1985 года. «Отзывы, которые мы получаем от инвесторов, заключаются в том, что они считают Великобританию непригодной для инвестиций, пока существует такой правительственный хаос», — заявил стратег компании Liberum Capital Йоахим Клемент.Материалы по теме:Не рассчитали.Тысячи россиян решили временно жить за границей. С какими трудностями они столкнулись?23 сентября 2022«Действительно большая дыра»Газопровод «Северный поток» пострадал от мощных взрывов. Сможет ли Европа пережить зиму?27 сентября 2022Британский Минфин решил отменить повышение налога на корпоративную прибыль с 19 до 26 процентов, а также снизить подоходный налог с 20 до 19 процентов. Кроме того, власти решили отменить 45-процентный налог на доходы самых богатых британцев, получающих свыше 150 тысяч фунтов. Как объяснил министр финансов Великобритании Квази Квартенг, мера должна простимулировать экономический рост страны. Из-за снижения налогов бюджет государства недополучит 45 миллиардов фунтов в год, что сопоставимо с 1,8 процента ВВП.3 октября Квартенг написал в своем Twitter, что правительство отказалось от планов отменить 45-процентную ставку подоходного налога для самых богатых жителей. 5 октября Лиз Трасс попыталась развеять опасения рынка, пообещав сохранить «железную хватку» в управлении финансами страны и снизить размер госдолга, писал Bloomberg. Тем не менее фунт продолжил снижаться в день ее выступления, упав на 1,3 процента до 1,13 доллара.	Лиз Трасс обвинили в многомиллиардных потерях британского фондового рынка
2022-10-06 16:11:05	https://lenta.ru/news/2022/10/06/gosdolg_ukrainy/	Государственный долг Украины за август вырос на 1,24 миллиарда долларов (1,28 процента), достигнув 98,03 миллиарда долларов. Месяцем ранее он составлял 96,79 миллиарда долларов. Об этом в четверг, 6 октября, сообщает «Корреспондент» со ссылкой на данные Минфина.По информации издания, прямой внешний долг за месяц вырос до 53,44 миллиарда долларов. А прямой внутренний — увеличился с 34,34 миллиарда до 34,49 миллиарда долларов. При этом гарантированный госдолг, по данным на 31 августа, составил 10,1 миллиарда долларов.Ранее в июле Минфин ФРГ заявил, что Киев получил возможность не обслуживать государственный внешний долг до конца 2023 года из-за продолжающихся на территории страны боевых действий.Международная группа кредиторов Украины включает в себя представителей Канады, Франции, Германии, Японии, Великобритании и США. Наблюдателями в ней выступают еще 15 государств.	Госдолг Украины превысил 98 миллиардов долларов
2022-10-06 14:52:00	https://lenta.ru/news/2022/10/06/sankcii/	"Российская экономика уже давно научилась адаптироваться к санкциям со стороны других стран. Так на введение восьмого пакета ограничительных мер Евросоюза (ЕС) в разговоре с «Лентой.ру» отреагировал заместитель председателя комитета Госдумы по экономической политике Денис Кравченко.«В целом российская экономика показала высокую адаптивность к уже введенным санкциям, ключевые сектора экономики продолжили свое функционирование, и там наблюдается рост и положительная динамика. Вчера об этом и путях дальнейшего развития я разговаривал на ""Национальном промышленном конгрессе"" с представителями банковского, промышленного и других ключевых секторов экономики. Уверен, что российская экономика не просто готова перестроиться, а прямо сейчас активно это делает», — рассказал депутат.Наиболее чувствительными могли бы стать ограничения на покупку готовой и полуготовой продукции из стали, пластика и текстиля, если бы не одно «но». Мы активно работаем с понятным и осязаемым результатом над выстраиванием новых торговых цепочек с дружественными и нейтральными странамиДенис Кравченкодепутат ГосдумыПо словам парламентария, то, насколько российская экономика будет способна справляться с ограничительными мерами, зависит от оперативности решений властей страны.«Воздействие санкций будет обратно пропорционально скорости мобилизации нашей экономики и промышленности. Я сейчас говорю о необходимости институциональных преобразований и алгоритмах принятия решений.  Чем быстрее и точнее будут приниматься необходимые меры поддержки и развития бизнеса, тем меньше будет воздействие санкций. А меры эти принимаются. Государственная дума и правительство ведут постоянную работу по обеспечению непрерывного развития экономики», — считает Денис Кравченко.Материалы по теме:На санкционных дрожжах.Российский рубль рекордно укрепился к доллару. Почему это произошло и ждать ли роста валюты?21 мая 2022«Мы адаптируемся ко всему»Об импортозамещении в России25 мая 2022Также депутат отметил введение санкций против российского судоходства.«Мы видим, что ЕС окончательно запретил операции с российским морским регистром судоходства, а это означает дополнительные ограничения на наш гражданский морской флот. При этом мы предусмотрительно были к этому готовы и при моем участии мы обнулили НДС в части операций по передаче судов, которые зарегистрированы как раз в РМРС. Думаю, что без принятия этой меры, последствия были бы драматические», — заключил он.Ранее Евросоюз утвердил восьмой пакет санкций против России из-за начала специальной военной операции на Украине. Среди новых мер — введение потолка цен на российскую нефть, персональные ограничения против физических лиц, запрет на импорт ряда товаров. В Россию также нельзя будет поставлять электронные компоненты, используемые при создании оружия и авиации. Помимо этого, вводится запрет на оказание российским компаниям финансовых, юридических и IT-услуг, а также на предоставление криптокошельков."	В России отреагировали на введение восьмого пакета санкций ЕС
2022-10-06 14:45:00	https://lenta.ru/news/2022/10/06/genius/	Президент Белоруссии Александр Лукашенко объявил о запрете с 6 октября на любое повышение цен, за исключением того, которое разрешили компетентные государственные органы. Такое распоряжение он дал в ходе совещания с экономическим блоком на тему инфляции, передает БЕЛТА.«Запрещается всякий рост цен. За-пре-ща-ет-ся! С сегодняшнего дня. Не с завтрашнего дня, а с сегодняшнего. Чтобы за сутки не накрутили цены. И не дай бог кто-то по бухгалтерии проведет задним числом какие-то расчеты, перерасчеты», — сказал он.По словам главы государства, для повышения цен необходимо согласие министра антимонопольного регулирования и торговли, Минского горисполкома, председателей облисполкомов. Без их санкции цены расти не смогут.Лукашенко объяснил, что такое решение связано с неконтролируемой инфляцией. Стоимость товаров, уверен он, уже уперлась в потолок и дальше бездействовать нельзя. При этом он пригрозил бизнесу, который в условиях невозможности получить прибыль попробует закрыть объект или уйти с рынка. «Вы за это ответите», — пообещал президент.Материалы по теме:Трактор заглохЭкономические успехи Лукашенко оказались блефом. Как белорусы разочаровались в нем?9 сентября 2020Белорусская экономика оказалась на грани катастрофы. Почему Россия вынуждена спасать ее?2 июня 2021За выполнением поручений будет следить генеральный прокурор и председатель Комитета госконтроля. Глава государства распорядился немедленно задерживать и возбуждать уголовные дела в отношении предпринимателей, которые не смогут вести бизнес в новых условиях и не захотят работать себе в убыток.При этом Лукашенко согласился, что еще недавно такой вариант выглядел абсолютно нереальным и нерыночным, но заметил, что в стране под контроль можно взять «абсолютно любой процесс, если есть желание».На постсоветском пространстве Лукашенко остается главным сторонником советской экономической политики и по возможности проводит ее идеи в жизнь. В феврале 2021 года он объявил, что советский госплан помог бы Союзному государству России и Белоруссии производить все необходимые товары.	Лукашенко запретил ценам расти
2022-10-06 14:34:00	https://lenta.ru/news/2022/10/06/neffft/	Решение Евросоюза (ЕС) о введении потолка цен на нефть из России способно навредить практически всему миру. Так новые санкционные ограничения на российские энергоресурсы оценил официальный представитель Кремля Дмитрий Песков, его цитирует РБК.По словам пресс-секретаря президента, подобные ограничительные решения могут «внести очень деструктивное влияние в будущие горизонты энергетических рынков».«Все заинтересованы, чтобы рынки были стабильными. И, конечно, очень многие страны понимают абсурдность резких движений, которые обдумываются в настоящий момент и в Евросоюзе, и подстрекаются Соединенными Штатами, относительно введения потолков цен и так далее», — заявил Песков.6 октября Европейская комиссия утвердила новый пакет санкций против России, который предполагает установление потолка цен на морские поставки российской нефти.В сообщении ЕК говорится, что речь идет о поставках третьим странам с участием европейских компаний — санкции в отношении морских поставок в сам Евросоюз уже были введены ранее. 5 декабря вступят в силу меры в отношении нефти, а 5 февраля 2023 года — в отношении нефтепродуктов.	Кремль оценил решение ЕС о потолке цен на российскую нефть
2022-10-06 14:10:46	https://lenta.ru/news/2022/10/06/baltic/	Премьер-министр Польши Матеуш Моравецкий после аварий на российских газопроводах «Северный поток» и «Северный поток-2» распорядился ввести второй по уровню из четырех режим угрозы энергетической инфраструктуре страны, расположенной за ее пределами. Режим вступает в силу с 6 октября и продлится до 30 ноября. Об этом со ссылкой на правительственный центр безопасности сообщает ТАСС.Такой уровень означает вероятность террористической атаки и является сигналом для ответственных служб и органов, чтобы они были готовы реагировать в соответствии с обстоятельствами.Под инфраструктурой, расположенной за пределами Польши, может подразумеваться только газопровод Baltic Pipe, через который с 1 октября в страну идут поставки норвежского газа. Территориально он расположен в тех же водах, где проложены оба российских газопровода.Виновники диверсий на «Северных потоках» неизвестны, в настоящее время в Европе начинается расследование инцидентов. Россия требует допустить к нему собственных представителей, но безуспешно.Материалы по теме:«Действительно большая дыра»Газопровод «Северный поток» пострадал от мощных взрывов. Сможет ли Европа пережить зиму?27 сентября 2022Силы небесные.Почему опытные бизнесмены и инвесторы отдают астрологам миллионы долларов?25 сентября 2022Ряд экспертов не исключают, что взорвать три из четырех ниток газопроводов могли российские власти, чтобы продемонстрировать свою способность ударить по европейской энергетической инфраструктуре. При этом одна нитка «Северного потока-2» осталась целой, таким образом, у «Газпрома» сохранилась возможность прокачивать весь объем, который ему позволяет обновленная газовая директива Евросоюза.Полиция Германии указывает, что, скорее всего, диверсия связана со злонамеренными действиями того или иного государства. На такой вывод наталкивает сложность исполнения и необходимость соответствующей подготовки. При этом силовики предупреждают о возможности новых ударов, таким образом косвенно они опровергают причастность к взрывам Великобритании или США, на чем настаивает Россия.	Польша приготовилась к нападению на газопровод Baltic Pipe
2022-10-06 13:55:00	https://lenta.ru/news/2022/10/06/budzh/	Министерство финансов России планирует пополнить бюджет страны на 2023 год за счет ужесточения табачного законодательства. Найденный способ получения дополнительных доходов может принести бюджету 100 миллиардов рублей, сообщает РБК.Речь идет о дополнительной статье дохода в проекте федерального бюджета России на 2023 год и плановый период 2024-2025 годов — «повышение собираемости и улучшение администрирования акцизов на табачную продукцию». Более жесткое регулирование производства и оборота в табачной отрасли увеличит общий объем поступлений от табачных акцизов почти до 751 миллиарда рублей, сообщает издание.Материалы по теме:Россия хочет отказаться от доллара и называет его токсичным.Стоит ли держать в нем свои сбережения?9 сентября 2022«Действительно большая дыра»Газопровод «Северный поток» пострадал от мощных взрывов. Сможет ли Европа пережить зиму?27 сентября 2022При этом законопроект о госрегулировании табачной отрасли пока не одобрен правительством, рассказал директор департамента по правовым вопросам и внешнекорпоративным связям British American Tobacco в России Олег Барвин. По его мнению объем дополнительных средств, полученных от налогов в табачной отрасли, будет зависеть от скорости принятия и вступления законопроекта в силу, а также от «эффективности использования предложенных в нем мер». С Барвиным согласился главный редактор отраслевого агентства «Русский табак» Максим Королев, отметив, что с учетом неясных сроков принятия закона и сложностей нововведений для табачной отрасли, текущая мера может иметь крайне небольшое влияние на пополнение федерального бюджета.Минфин разработал проект закона в конце июля 2021 года, а в июне 2022-го он был внесен в правительство. В ведомстве указали, что сейчас в России табачный рынок регулируется «избыточным количеством федеральных органов исполнительной власти», а отдельный отраслевой закон позволит обеспечить специализированный надзор по образцу налаженной системы государственного регулирования и контроля рынка.Ранее государство оценило дополнительные доходы от так называемого налога на богатых — в этом году госбюджет может пополниться на 130-133 миллиардов рублей. Поступления превысят ожидаемые Минфином доходы в 2022 году в размере 78,6 миллиарда рублей.	В России нашли способ пополнить бюджет на 100 миллиардов рублей
2022-10-06 12:20:00	https://lenta.ru/news/2022/10/06/potolok/	"Европейская комиссия утвердила новый пакет санкций против России, который предполагает установление потолка цен на морские поставки российской нефти, следует из сообщения Еврокомиссии.В нем говорится, что речь идет о поставках третьим странам с участием европейских компаний — в отношении морских поставок в сам Евросоюз ранее уже были введены санкции. 5 декабря вступят в силу меры в отношении нефти, 5 февраля 2023 года — в отношении нефтепродуктов.«Сегодняшний пакет отмечает собой начало реализации в Евросоюзе соглашения ""Большой семерки"" по поводу экспорта российской нефти», — сказано в сообщении. Утверждается, что согласованная мера должна ограничить доходы Москвы и сохранить стабильность на энергетических рынках.Установление потолка цен на российскую нефть, при превышении которого будет запрещена ее транспортировка по морю третьим странам, накануне анонсировала председательствующая в ЕС Чехия."	Европа согласовала потолок цен для российской нефти
2022-10-06 12:08:00	https://lenta.ru/news/2022/10/06/otkazano/	Турция начала отказываться от газа из России в пользу других поставщиков — в июле страна сократила импорт российского топлива на 37,2 процента год к году, пишет местное издание Anadolu со ссылкой на ежемесячный отчет Управления по регулированию энергетического рынка (EMRA). В то же время Турция нарастила закупки в Иране и Азербайджане на 37,5 и 31,5 процента соответственно.При этом Россия осталась лидером по поставкам газа в страну, обеспечив ее 1,44 миллиарда кубометров газа, на Иран и Азербайджан пришлось 870 и 710 миллионов кубометров импорта соответственно. В целом в июле 2022-го Турция закупила на 15,7 процента меньше газа по сравнению с тем же месяцем 2021 года — импорт упал с 4,05 до 3,41 миллиарда кубометров.По данным EMRA, за месяц страна получила около 3,02 миллиарда кубометров газа по трубопроводам и еще 383 миллиона кубометров — по морю в сжиженном виде. Такие показатели указывают на снижение трубопроводного импорта на 13 процентов, импорта СПГ — на 32,6 процента.При этом Турции удалось снизить общее потребление газа на 27,5 процента год к году, до 2,78 миллиарда кубометров. Страна добилась такого результата за счет сокращения использования газа на электростанциях (минус 46,8 процента, до 1,01 миллиона кубометров), хотя бытовое потребление выросло (плюс 10,9 процента, до 251 миллиона кубометров). Кроме того, страна нарастила запасы топлива — объем газа в хранилищах в июле 2022 года увеличился на 20,6 процента, до 3,37 миллиарда кубометров.В сентябре стало известно, что турецкий президент Реджеп Тайип Эрдоган собирался попросить у российского лидера Владимира Путина 25-процентную скидку на газ, а также возможность оплачивать часть поставок в собственной валюте — турецкой лире, которая при этом показывает серьезную волатильность, существенно слабея. В октябре РИА Новости со ссылкой на источник подтвердили, что Турция и Россия активно обсуждают стоимость поставок топлива.	Турция начала отказываться от газа из России в пользу Ирана и Азербайджана
2022-10-06 12:03:00	https://lenta.ru/news/2022/10/06/ozhidaniya_mishustina/	Премьер-министр Михаил Мишустин назвал ожидаемые сроки уверенного роста российской экономики. По его словам, это может произойти чуть больше, чем через год, передает РИА Новости.Мишустин считает, что в 2024-2025 годах ВВП страны продолжит расти. Это, уточнил он, произойдет в первую очередь за счет увеличения внутреннего спроса — потребительского и инвестиционного.Премьер также рассказал, что экономику поддержит реализация стратегических приоритетов. «Это в том числе развитие транспортно-логистической инфраструктуры с учетом переориентации экспортно-импортных потоков, а также это укрепление технологического суверенитета, поддержка частных инвестиций и финансового рынка», — отметил он.Ранее Минэкономразвития спрогнозировало рост экономики 19 регионов России по итогам 2022 года. Предполагается, что лидерами по увеличению валового регионального продукта (ВРП) станут пять субъектов, среди которых Чукотский автономный округ (+9,5 процента), республики Якутия и Дагестан (+6,8 и +3,3 процента), Забайкальский край (+3,2 процента) и Иркутская область (+2,3 процента). Их доля достигает 4,2 процента совокупного ВРП от всех регионов страны.	Мишустин назвал ожидаемые сроки уверенного роста российской экономики
2022-10-06 12:00:00	https://lenta.ru/news/2022/10/06/rosekonoka/	Российская экономика доказывает свою способность адаптироваться к санкциям. Так состояние экономики оценил премьер-министр Михаил Мишустин, его цитирует РИА Новости.По его словам, правительство признает, что санкции носят долгосрочный характер и беспрецедентный масштаб. Однако он отметил, что Россия справляется с давлением. «Инвестиционная активность в первом полугодии находилась на высоком уровне. Замедлилась инфляция — с пикового значения в 17,8 процента в годовом выражении в апреле — до 13,5 процента по итогам прошлой недели», — раскрыл подробности премьер.В сентябре Мишустин уже заявлял об адаптации экономики России к санкциям. Несмотря на неизбежное замедление динамики роста российской экономики, санкции не стали разрушительными, как предполагали их инициаторы, отметил он.В пример он привел оценки Министерства экономического развития, согласно которым в январе-июле ВВП России снизился чуть больше чем на 1 процент относительно показателя аналогичного периода прошлого года.	Мишустин оценил состояние российской экономики на фоне санкций
2022-10-06 11:46:00	https://lenta.ru/news/2022/10/06/sud/	Федеральная антимонопольная служба (ФАС) проиграла суд крупным металлотрейдерам, которых ранее признала виновными в  участии в антиконкурентном сговоре, следует из данных арбитражного суда, на которые обратил внимание «Коммерсантъ».Служба утверждала, что компании добивались поддержания высоких цен на торгах металлопродукцией с совокупной начальной ценой почти в 2,7 миллиарда рублей. Речь идет о предприятиях «А Групп», Сталепромышленная компания, «Уралметаллстрой», «Управление комплектации и снабжения», «Красо», «Сервисный центр металлопроката», «Стройтехцентр». Они попросили суд признать предписание ФАС о прекращении антиконкурентного соглашения недействительным.Вынося решение по делу, суд постановил, что трейдеры не являются «хозяйствующими субъектами-конкурентами» и не ведут деятельность на одном товарном рынке. Напрямую у металлургических компаний покупает только Сталепромышленная компания, у которой уже закупают металл остальные предприятия. С точки зрения суда, такие договорные отношения являются вертикальными, и предположение о конкуренции между трейдерами не обосновано.В ФАС заявили, что решение апелляционной инстанции намерены обжаловать. «ФАС подаст кассационную жалобу, после которой суд назначит дату нового рассмотрения дела», — сообщили в службе.Практика судов об отмене решений ФАС довольно редкая, особенно по крупным делам, отметила старший юрист антимонопольной и регуляторной практики VEGAS LEX Анастасия Каюкова. По ее словам, если решение суда оспорено не будет, то штраф, наложенный ведомством, должен быть отменен.Речь идет о сумме в 1,8 миллиарда рублей, объявлено о штрафе было в конце июля 2022 года. О раскрытии сговора служба сообщила в конце 2021 года.	ФАС проиграла суд по делу о ценовом сговоре на миллиарды рублей
2022-10-06 11:41:00	https://lenta.ru/news/2022/10/06/yes_they_can/	В ответ на введение западными странами потолка цен на российскую нефть Москва способна в обозримые сроки резко сократить добычу и, соответственно, поставки на мировой рынок. Такой вариант развития событий назвали в материале Bloomberg.Снижение может составить до трех миллионов баррелей в сутки. Глава консалтинговой компании Rapidan Energy Group Роберт МакНелли заметил, что российские нефтяные компании в состоянии добиться такого сокращения без ущерба для месторождений.Управляющий директор аналитической компании ClearView Energy Partners Кевин Бук добавил, что даже половина такого сокращения окажет немедленное давление на рынки и приведет к росту цен. По большому счету речь идет о прекращении трети или двух третей экспортных поставок российского сырья.В свою очередь бывший представитель Госдепартамента Дэвид Голдвин рассказал, что Россия может нарушить мировой рынок и другими способами. В том числе это остановка поставок по трубопроводу «Дружба» или Каспийскому транспортному консорциуму, причем во втором случае пострадают казахстанские, а не российские предприятия.Введение потолка цен на российскую нефть готовят одновременно группа G7 и Евросоюз, причем последний ориентируется на принципы, предложенные «семеркой». Российская сторона предупреждает, что не станет продавать сырье участникам такого соглашения.    Brent от TradingView     На этом фоне ОПЕК+ объявил об ограничении добычи нефти на два миллиона баррелей в сутки с 1 ноября. США выразили сожаление в связи с таким решением и приготовились поставить на рынок дополнительные объемы из своих стратегических запасов.Для России снижение экспорта нефти обернется дополнительным падением нефтегазовых доходов, которые и без того находятся на многомесячном минимуме и делают бюджет дефицитным. В сентябре, по данным Минфина, средняя цена на российский сорт нефти Urals сложилась на уровне 68,25 доллара за баррель, что на 8,7 процента меньше, чем в августе.	Россию назвали способной резко сократить добычу нефти
2022-10-06 11:09:00	https://lenta.ru/news/2022/10/06/subs/	Минпромторг собирается поддержать отечественное производство электроники —  компании, планирующие выпускать ноутбуки, ПК, смартфоны и планшеты, получат субсидии. Меру анонсировал замглавы ведомства Василий Шпак на форуме «Микроэлектроника 2022», пишет «Коммерсантъ» со ссылкой на источник. Шпак добавил, что в 2023-м финансирование отрасли увеличат с 144 до 210 миллиардов рублей.«Субсидия поможет снизить себестоимость техники, а также как можно быстрее занять сегменты рынка, которые из-за ухода зарубежных компаний могут оказаться не занятыми», — сказал источник. По его словам, вероятнее всего, главным условием получения субсидии будет локализация производства электроники в России.В настоящее время российские фирмы имеют право на субсидию на разработку компонентов или запуск производства, однако выпуск коммерческих партий продукции — это капиталоемкий процесс, и для его реализации тоже необходима господдержка, сказал «Ъ» топ-менеджер крупного российского производителя электроники. В Минпромторге подтвердили, что мера находится в разработке и будет запущена после согласования со всеми заинтересованными ведомствами и правительством.Различные способы поддержки разработки и производства отечественной вычислительной техники и потребительской электроники обсуждаются Минцифры, Минпромторгом и участниками рынка с конца 2021 года. Постановлением правительства уже запущен механизм льготного кредитования производителей электроники. По словам собеседника «Ъ» в правительстве, кредиты выдают на сумму от 3 до 100 миллиардов рублей.Материалы по теме:Не рассчитали.Тысячи россиян решили временно жить за границей. С какими трудностями они столкнулись?23 сентября 2022«Действительно большая дыра»Газопровод «Северный поток» пострадал от мощных взрывов. Сможет ли Европа пережить зиму?27 сентября 2022На IT-рынке газете рассказали, что господдержку запрашивали в том числе компании Yadro и «Аквариус». Кроме того, обсуждался механизм сквозных проектов, при котором крупные заказчики электроники, например банки, обеспечат производителей гарантированным спросом на еще не произведенное оборудование.Вскоре после ввода российских войск на территорию Украины, что стало причиной ухода из России крупнейших мировых производителей серверного оборудования, таких как Dell, Cisco и HP, российские компании начали бороться за подержанные серверы — спрос вырос в три-четыре раза. Один из поставщиков рассказал, что в конце марта полностью распродал свои запасы, даже неликвидное оборудование (серверы возрастом более десяти лет), после чего начал завозить подержанные серверы из-за рубежа.	Власти собрались поддержать отечественное производство ноутбуков и смартфонов
2022-10-06 10:42:00	https://lenta.ru/news/2022/10/06/mill/	Решение о выделении Белоруссии кредита на 1,5 миллиарда долларов для реализации проектов по импортозамещению принято, заявил РИА Новости вице-премьер Алексей Оверчук.По его словам, такое соглашение «уже подписано или скоро подпишут», а все параметры согласованы. Россия даст Белоруссии полтора миллиарда долларов на «проекты, которые будут связаны с импортозамещением и развитием соответствующих производств», пояснил Оверчук.Получение средств от Москвы в июне анонсировал белорусский президент Александр Лукашенко. По его словам, такое решение он обсудил с российским коллегой Владимиром Путиным, представив ему конкретные идеи.В июле Путин попросил председателя государственной корпорации развития «ВЭБ.РФ» Игоря Шувалова «найти десятку» миллиардов рублей на оснащение белорусских школ российскими инженерными классами.	Россия даст Белоруссии полтора миллиарда долларов на импортозамещение
2022-10-06 07:42:48	https://lenta.ru/news/2022/10/06/krizis/	Заместитель министра нефти Ирана Ахмад Асадзаде заявил, что Запада сам пострадал от санкций, введенных против Москвы и Тегерана, и столкнулся с энергетическим кризисом. Его слова приводит РИА Новости.По словам замглавы ведомства, в настоящее время мир нуждается в нефти и газе, к этой теме следует относиться внимательно.«Санкции против Ирана и России не идут на пользу Западу, который пострадает от этого. Сегодня в Европе наблюдается газовый кризис, есть проблемы — то же касается и нефти», — подчеркнул Асадзаде.Ранее Европе предрекли невообразимый кризис из-за цен на топливо. По словам японского экономиста Кадзухико Фудзи, ЕС придется потратить 1,5 триллиона долларов на помощь оказавшимся в долгах электроэнергетическим компаниям. Эксперт считает, что все это может перерасти в глобальное экономическое потрясение.	В Иране заявили о пострадавшем от санкций против Тегерана и Москвы Западе